Ime sestavine, Kolicina, Enota
manjša buča , 0.08333333333333333 , kos
mleka , 0.016666666666666666 , l
moke , 62.5 , g
kocka kvasa , 0.08333333333333333 , kos
sladkorja , 0.25 , kos
jajca , 0.3333333333333333 , kos
vanilin sladkorja , 0.16666666666666666 , kos
masla , 4.166666666666667 , g
sončničnega olja , 0.004166666666666667 , l
soli , 0.08333333333333333 , kos
poljubna marmelada ali namaz za polnilo , 1 , kos
