Ime sestavine, Kolicina, Enota
jajca , 0.6666666666666666 , kos
mleka , 0.08333333333333334 , l
sladkorja , 8.333333333333334 , g
soli , 0.08333333333333333 , kos
moke , 25.0 , g
pecilnega praška , 0.16666666666666666 , kos
masla , 6.666666666666667 , g
