Ime sestavine, Kolicina, Enota
jajca , 0.3333333333333333 , kos
sladkorja , 8.333333333333334 , g
drobno naribana pomarančna lupinica , 1 , kos
mleka , 0.006666666666666667 , l
medu , 16.666666666666668 , g
moke , 23.333333333333332 , g
pecilnega praška , 0.041666666666666664 , kos
mletega cimeta , 0.08333333333333333 , kos
temne čokolade , 8.333333333333334 , g
beljaka , 0.16666666666666666 , kos
sladkorja v prahu , 25.0 , g
poljubne jedilne barve , 1 , kos
