Ime sestavine, Kolicina, Enota
moke , 20.833333333333332 , g
sladkorja , 8.333333333333334 , g
soli , 0.08333333333333333 , kos
hladnega masla , 10.0 , g
mleka , 0.0625 , l
sladkorja , 12.5 , g
masla , 8.333333333333334 , g
pšeničnega zdroba , 11.666666666666666 , g
maka , 12.5 , g
skute (nepasirana ali pasirana) , 20.833333333333332 , g
jajce , 0.08333333333333333 , kos
vanilijevega ekstrakta , 0.08333333333333333 , kos
