Ime sestavine,Kolicina,Enota
rozin,8.333333333333334,g
ruma,0.00625,l
jajc,0.5,kos
sladkorja,11.666666666666666,g
vanilijevega sladkorja,0.16666666666666666,kos
olivnega olja,0.0125,l
kisle smetane,8.333333333333334,g
mleka,0.004166666666666667,l
moke,16.666666666666668,g
pecilnega praška,0.08333333333333333,kos
grenkega kakava,0.25,kos
maslo za namastitev pekača,1,kos
čokolade za kuhanje,8.333333333333334,g
masla,1.6666666666666667,g
