Ime sestavine,Kolicina,Enota
moke,33.333333333333336,g
sladkorja v prahu,8.333333333333334,g
soli,0.08333333333333333,kos
pecilnega praška,0.041666666666666664,kos
hladnega masla,20.833333333333332,g
rumenjaki,0.3333333333333333,kos
jabolk,83.33333333333333,g
orehov,2.5,g
rozin,2.5,g
ruma ali pomarančnega soka,0.16666666666666666,kos
mleti cimet (po okusu),1,kos
beljaki,0.3333333333333333,kos
sladkorja,10.0,g
limoninega soka,0.08333333333333333,kos
koruznega škroba,0.08333333333333333,kos
