Ime sestavine,Kolicina,Enota
kokosove moke,10.0,g
mleka,0.08333333333333333,l
sladkorja,8.333333333333334,g
pirine ali pšenične moke,5.833333333333333,g
koruznega škroba,4.166666666666667,g
kakava,1.25,g
temne čokolade,8.333333333333334,g
masla,8.333333333333334,g
smetane za stepanje,0.016666666666666666,l
vanilijevega sladkorja,0.08333333333333333,kos
