Ime sestavine, Kolicina, Enota
jajce , 0.08333333333333333 , kos
rumenjaka , 0.16666666666666666 , kos
vanilijev strok , 0.08333333333333333 , kos
sladkorja , 6.666666666666667 , g
koruznega škroba (gustin) , 3.3333333333333335 , g
mleka , 0.029166666666666667 , l
sladke smetane , 0.025 , l
masla , 1.6666666666666667 , g
