Ime sestavine,Kolicina,Enota
jajci,0.6666666666666666,kos
mleka,0.08,l
soli,0.16666666666666666,kos
moke,106.66666666666667,g
masla,16.666666666666668,g
jajca,1.0,kos
soli,0.6666666666666666,kos
sveže mletega popra,0.3333333333333333,kos
nasekljan sveži drobnjak,1,kos
